{
  "dataset": "DuEE-Fin-dev500",
  "diagnostics": {
    "empty_prediction_count": 182,
    "gold_empty_prediction_count": 151,
    "gold_missing_document_id_count": 0,
    "gold_parse_failure_count": 0,
    "invalid_event_type_count": 0,
    "invalid_role_count": 0,
    "parse_failure_count": 0,
    "pred_empty_prediction_count": 182,
    "pred_missing_document_id_count": 0,
    "pred_parse_failure_count": 0,
    "schema_valid_rate": 1.0,
    "validated_record_count": 3014
  },
  "input_paths": {
    "gold": "runs/sarge_vllm_DuEE-Fin-dev500_test_seed13_bf16_k1_rerun_20260521T230125Z/sarge_infer_DuEE-Fin-dev500_test_20260521T230551Z/predictions/DuEE-Fin-dev500/test.gold.filtered.jsonl",
    "pred": "runs/sarge_vllm_DuEE-Fin-dev500_test_seed13_bf16_k1_rerun_20260521T230125Z/sarge_infer_DuEE-Fin-dev500_test_20260521T230551Z/predictions/DuEE-Fin-dev500/test.evaluator.pred.jsonl"
  },
  "matching_policy": {
    "event_type_constrained": true,
    "name": "docfee_official_style_greedy_role_value_overlap",
    "prediction_record_removed_after_match": true,
    "unit": "role:value"
  },
  "metric_family": "docfee_official_style",
  "normalization_policy": {
    "embedding_matching": false,
    "empty_values": "ignored",
    "llm_judge": false,
    "semantic_matching": false,
    "unicode": "NFKC",
    "whitespace": "strip_and_collapse"
  },
  "overall": {
    "f1": 0.7495734597156399,
    "fn": 1976,
    "fp": 1987,
    "precision": 0.7490527911088659,
    "recall": 0.750094852662198,
    "tp": 5931
  },
  "per_event": {
    "中标": {
      "f1": 0.7322239031770046,
      "fn": 182,
      "fp": 172,
      "precision": 0.7378048780487805,
      "recall": 0.7267267267267268,
      "tp": 484
    },
    "亏损": {
      "f1": 0.7906976744186046,
      "fn": 115,
      "fp": 191,
      "precision": 0.7516254876462939,
      "recall": 0.834054834054834,
      "tp": 578
    },
    "企业收购": {
      "f1": 0.7312775330396476,
      "fn": 151,
      "fp": 154,
      "precision": 0.7293497363796133,
      "recall": 0.7332155477031802,
      "tp": 415
    },
    "企业破产": {
      "f1": 0.6526315789473683,
      "fn": 42,
      "fp": 24,
      "precision": 0.7209302325581395,
      "recall": 0.5961538461538461,
      "tp": 62
    },
    "企业融资": {
      "f1": 0.7477360931435963,
      "fn": 77,
      "fp": 118,
      "precision": 0.7100737100737101,
      "recall": 0.7896174863387978,
      "tp": 289
    },
    "公司上市": {
      "f1": 0.5592920353982301,
      "fn": 137,
      "fp": 112,
      "precision": 0.5851851851851851,
      "recall": 0.535593220338983,
      "tp": 158
    },
    "股东减持": {
      "f1": 0.6666666666666667,
      "fn": 270,
      "fp": 189,
      "precision": 0.7083333333333334,
      "recall": 0.6296296296296297,
      "tp": 459
    },
    "股东增持": {
      "f1": 0.7085346215780999,
      "fn": 92,
      "fp": 89,
      "precision": 0.7119741100323624,
      "recall": 0.7051282051282052,
      "tp": 220
    },
    "股份回购": {
      "f1": 0.8921604711078396,
      "fn": 156,
      "fp": 137,
      "precision": 0.8984432913269088,
      "recall": 0.8859649122807017,
      "tp": 1212
    },
    "被约谈": {
      "f1": 0.6403940886699506,
      "fn": 36,
      "fp": 37,
      "precision": 0.6372549019607843,
      "recall": 0.6435643564356436,
      "tp": 65
    },
    "解除质押": {
      "f1": 0.7594611930724824,
      "fn": 210,
      "fp": 165,
      "precision": 0.7820343461030383,
      "recall": 0.7381546134663342,
      "tp": 592
    },
    "质押": {
      "f1": 0.7848421052631578,
      "fn": 214,
      "fp": 297,
      "precision": 0.758340113913751,
      "recall": 0.8132635253054101,
      "tp": 932
    },
    "高管变动": {
      "f1": 0.6094364351245085,
      "fn": 294,
      "fp": 302,
      "precision": 0.60625814863103,
      "recall": 0.6126482213438735,
      "tp": 465
    }
  },
  "schema_path": "/data/TJK/DEE/SARGE/data/DuEE-Fin-dev500/schema.json",
  "subset_metrics": {
    "multi_event": {
      "f1": 0.7246275605214152,
      "fn": 1396,
      "fp": 970,
      "precision": 0.7624295860886603,
      "recall": 0.6903969838101575,
      "tp": 3113
    },
    "single_event": {
      "f1": 0.7941383683246441,
      "fn": 580,
      "fp": 881,
      "precision": 0.7618275209516085,
      "recall": 0.8293113596233078,
      "tp": 2818
    }
  }
}
