{
  "dataset": "DuEE-Fin-dev500",
  "diagnostics": {
    "empty_prediction_count": 181,
    "gold_empty_prediction_count": 151,
    "gold_missing_document_id_count": 0,
    "gold_parse_failure_count": 0,
    "invalid_event_type_count": 0,
    "invalid_role_count": 0,
    "parse_failure_count": 0,
    "pred_empty_prediction_count": 181,
    "pred_missing_document_id_count": 0,
    "pred_parse_failure_count": 0,
    "schema_valid_rate": 1.0,
    "validated_record_count": 3067
  },
  "input_paths": {
    "gold": "runs/sarge_infer_DuEE-Fin-dev500_test_seed42_4bitNF4_k1_20260521T2221Z/sarge_infer_DuEE-Fin-dev500_test_20260521T142255Z/predictions/DuEE-Fin-dev500/test.gold.filtered.jsonl",
    "pred": "runs/sarge_infer_DuEE-Fin-dev500_test_seed42_4bitNF4_k1_20260521T2221Z/sarge_infer_DuEE-Fin-dev500_test_20260521T142255Z/predictions/DuEE-Fin-dev500/test.evaluator.pred.jsonl"
  },
  "matching_policy": {
    "event_type_constrained": true,
    "name": "docfee_official_style_greedy_role_value_overlap",
    "prediction_record_removed_after_match": true,
    "unit": "role:value"
  },
  "metric_family": "docfee_official_style",
  "normalization_policy": {
    "embedding_matching": false,
    "empty_values": "ignored",
    "llm_judge": false,
    "semantic_matching": false,
    "unicode": "NFKC",
    "whitespace": "strip_and_collapse"
  },
  "overall": {
    "f1": 0.7808510638297872,
    "fn": 1668,
    "fp": 1834,
    "precision": 0.7728229902142946,
    "recall": 0.7890476792715315,
    "tp": 6239
  },
  "per_event": {
    "中标": {
      "f1": 0.7672862453531598,
      "fn": 150,
      "fp": 163,
      "precision": 0.759941089837997,
      "recall": 0.7747747747747747,
      "tp": 516
    },
    "亏损": {
      "f1": 0.8629655657062543,
      "fn": 79,
      "fp": 116,
      "precision": 0.8410958904109589,
      "recall": 0.886002886002886,
      "tp": 614
    },
    "企业收购": {
      "f1": 0.7220779220779221,
      "fn": 149,
      "fp": 172,
      "precision": 0.7079796264855688,
      "recall": 0.7367491166077739,
      "tp": 417
    },
    "企业破产": {
      "f1": 0.7076923076923077,
      "fn": 35,
      "fp": 22,
      "precision": 0.7582417582417582,
      "recall": 0.6634615384615384,
      "tp": 69
    },
    "企业融资": {
      "f1": 0.7842031029619182,
      "fn": 88,
      "fp": 65,
      "precision": 0.8104956268221575,
      "recall": 0.7595628415300546,
      "tp": 278
    },
    "公司上市": {
      "f1": 0.6265938069216758,
      "fn": 123,
      "fp": 82,
      "precision": 0.6771653543307087,
      "recall": 0.5830508474576271,
      "tp": 172
    },
    "股东减持": {
      "f1": 0.760752688172043,
      "fn": 163,
      "fp": 193,
      "precision": 0.7457180500658761,
      "recall": 0.7764060356652949,
      "tp": 566
    },
    "股东增持": {
      "f1": 0.7221350078492936,
      "fn": 82,
      "fp": 95,
      "precision": 0.7076923076923077,
      "recall": 0.7371794871794872,
      "tp": 230
    },
    "股份回购": {
      "f1": 0.9017889740781306,
      "fn": 133,
      "fp": 136,
      "precision": 0.9008023340627279,
      "recall": 0.9027777777777778,
      "tp": 1235
    },
    "被约谈": {
      "f1": 0.7192118226600985,
      "fn": 28,
      "fp": 29,
      "precision": 0.7156862745098039,
      "recall": 0.7227722772277227,
      "tp": 73
    },
    "解除质押": {
      "f1": 0.7891491985203453,
      "fn": 162,
      "fp": 180,
      "precision": 0.7804878048780488,
      "recall": 0.7980049875311721,
      "tp": 640
    },
    "质押": {
      "f1": 0.7805925289823958,
      "fn": 237,
      "fp": 274,
      "precision": 0.768385460693153,
      "recall": 0.7931937172774869,
      "tp": 909
    },
    "高管变动": {
      "f1": 0.6557377049180328,
      "fn": 239,
      "fp": 307,
      "precision": 0.6287787182587666,
      "recall": 0.6851119894598156,
      "tp": 520
    }
  },
  "schema_path": "/data/TJK/DEE/SARGE/data/DuEE-Fin-dev500/schema.json",
  "subset_metrics": {
    "multi_event": {
      "f1": 0.765142009809513,
      "fn": 1155,
      "fp": 904,
      "precision": 0.7876937529356506,
      "recall": 0.7438456420492349,
      "tp": 3354
    },
    "single_event": {
      "f1": 0.8080100826214817,
      "fn": 513,
      "fp": 858,
      "precision": 0.7707721079348117,
      "recall": 0.8490288404944085,
      "tp": 2885
    }
  }
}
