{
  "dataset": "DuEE-Fin-dev500",
  "diagnostics": {
    "empty_prediction_count": 136,
    "gold_empty_prediction_count": 151,
    "gold_missing_document_id_count": 0,
    "gold_parse_failure_count": 0,
    "invalid_event_type_count": 0,
    "invalid_role_count": 0,
    "parse_failure_count": 0,
    "pred_empty_prediction_count": 136,
    "pred_missing_document_id_count": 0,
    "pred_parse_failure_count": 0,
    "schema_valid_rate": 1.0,
    "validated_record_count": 3170
  },
  "input_paths": {
    "gold": "runs/sarge_vllm_DuEE-Fin-dev500_test_seed13_bf16_k4_T0.7_decoding_ablation_20260520T145457Z/sarge_infer_DuEE-Fin-dev500_test_20260520T150126Z/predictions/DuEE-Fin-dev500/test.gold.filtered.jsonl",
    "pred": "runs/sarge_vllm_DuEE-Fin-dev500_test_seed13_bf16_k4_T0.7_decoding_ablation_20260520T145457Z/sarge_infer_DuEE-Fin-dev500_test_20260520T150126Z/predictions/DuEE-Fin-dev500/test.evaluator.pred.jsonl"
  },
  "matching_policy": {
    "event_type_constrained": true,
    "name": "docfee_official_style_greedy_role_value_overlap",
    "prediction_record_removed_after_match": true,
    "unit": "role:value"
  },
  "metric_family": "docfee_official_style",
  "normalization_policy": {
    "embedding_matching": false,
    "empty_values": "ignored",
    "llm_judge": false,
    "semantic_matching": false,
    "unicode": "NFKC",
    "whitespace": "strip_and_collapse"
  },
  "overall": {
    "f1": 0.7360296757209526,
    "fn": 1756,
    "fp": 2656,
    "precision": 0.6984217100034064,
    "recall": 0.7779183002402934,
    "tp": 6151
  },
  "per_event": {
    "中标": {
      "f1": 0.7322557976106816,
      "fn": 145,
      "fp": 236,
      "precision": 0.6882430647291942,
      "recall": 0.7822822822822822,
      "tp": 521
    },
    "亏损": {
      "f1": 0.766839378238342,
      "fn": 101,
      "fp": 259,
      "precision": 0.6956521739130435,
      "recall": 0.8542568542568543,
      "tp": 592
    },
    "企业收购": {
      "f1": 0.6661170651277825,
      "fn": 162,
      "fp": 243,
      "precision": 0.624420401854714,
      "recall": 0.7137809187279152,
      "tp": 404
    },
    "企业破产": {
      "f1": 0.6130653266331659,
      "fn": 43,
      "fp": 34,
      "precision": 0.6421052631578947,
      "recall": 0.5865384615384616,
      "tp": 61
    },
    "企业融资": {
      "f1": 0.7427854454203261,
      "fn": 70,
      "fp": 135,
      "precision": 0.6867749419953596,
      "recall": 0.8087431693989071,
      "tp": 296
    },
    "公司上市": {
      "f1": 0.5813586097946288,
      "fn": 111,
      "fp": 154,
      "precision": 0.5443786982248521,
      "recall": 0.6237288135593221,
      "tp": 184
    },
    "股东减持": {
      "f1": 0.6915520628683693,
      "fn": 201,
      "fp": 270,
      "precision": 0.6616541353383458,
      "recall": 0.7242798353909465,
      "tp": 528
    },
    "股东增持": {
      "f1": 0.6476761619190405,
      "fn": 96,
      "fp": 139,
      "precision": 0.6084507042253521,
      "recall": 0.6923076923076923,
      "tp": 216
    },
    "股份回购": {
      "f1": 0.8932038834951456,
      "fn": 126,
      "fp": 171,
      "precision": 0.8789808917197452,
      "recall": 0.9078947368421053,
      "tp": 1242
    },
    "被约谈": {
      "f1": 0.6763285024154589,
      "fn": 31,
      "fp": 36,
      "precision": 0.660377358490566,
      "recall": 0.693069306930693,
      "tp": 70
    },
    "解除质押": {
      "f1": 0.7589679043423536,
      "fn": 199,
      "fp": 184,
      "precision": 0.7662007623888183,
      "recall": 0.7518703241895262,
      "tp": 603
    },
    "质押": {
      "f1": 0.7453612317410184,
      "fn": 202,
      "fp": 443,
      "precision": 0.6806056236481615,
      "recall": 0.8237347294938918,
      "tp": 944
    },
    "高管变动": {
      "f1": 0.6121174266083698,
      "fn": 269,
      "fp": 352,
      "precision": 0.5819477434679335,
      "recall": 0.6455862977602108,
      "tp": 490
    }
  },
  "schema_path": "/data/TJK/DEE/SARGE/data/DuEE-Fin-dev500/schema.json",
  "subset_metrics": {
    "multi_event": {
      "f1": 0.7248187395426658,
      "fn": 1260,
      "fp": 1207,
      "precision": 0.729129263913824,
      "recall": 0.720558882235529,
      "tp": 3249
    },
    "single_event": {
      "f1": 0.7691492181288099,
      "fn": 496,
      "fp": 1246,
      "precision": 0.6996142719382835,
      "recall": 0.8540317834020011,
      "tp": 2902
    }
  }
}
