{
  "dataset": "DuEE-Fin-dev500",
  "diagnostics": {
    "empty_prediction_count": 180,
    "gold_empty_prediction_count": 151,
    "gold_missing_document_id_count": 0,
    "gold_parse_failure_count": 0,
    "invalid_event_type_count": 0,
    "invalid_role_count": 0,
    "parse_failure_count": 0,
    "pred_empty_prediction_count": 180,
    "pred_missing_document_id_count": 0,
    "pred_parse_failure_count": 0,
    "schema_valid_rate": 1.0,
    "validated_record_count": 2999
  },
  "input_paths": {
    "gold": "runs/sarge_vllm_DuEE-Fin-dev500_test_seed17_bf16_k1_20260521T223822Z/sarge_infer_DuEE-Fin-dev500_test_20260521T224322Z/predictions/DuEE-Fin-dev500/test.gold.filtered.jsonl",
    "pred": "runs/sarge_vllm_DuEE-Fin-dev500_test_seed17_bf16_k1_20260521T223822Z/sarge_infer_DuEE-Fin-dev500_test_20260521T224322Z/predictions/DuEE-Fin-dev500/test.evaluator.pred.jsonl"
  },
  "matching_policy": {
    "event_type_constrained": true,
    "name": "docfee_official_style_greedy_role_value_overlap",
    "prediction_record_removed_after_match": true,
    "unit": "role:value"
  },
  "metric_family": "docfee_official_style",
  "normalization_policy": {
    "embedding_matching": false,
    "empty_values": "ignored",
    "llm_judge": false,
    "semantic_matching": false,
    "unicode": "NFKC",
    "whitespace": "strip_and_collapse"
  },
  "overall": {
    "f1": 0.7449356605937062,
    "fn": 2060,
    "fp": 1944,
    "precision": 0.7504813246053138,
    "recall": 0.7394713544960162,
    "tp": 5847
  },
  "per_event": {
    "中标": {
      "f1": 0.7279577995478524,
      "fn": 183,
      "fp": 178,
      "precision": 0.7307110438729199,
      "recall": 0.7252252252252253,
      "tp": 483
    },
    "亏损": {
      "f1": 0.7965860597439546,
      "fn": 133,
      "fp": 153,
      "precision": 0.7854137447405329,
      "recall": 0.8080808080808081,
      "tp": 560
    },
    "企业收购": {
      "f1": 0.6933797909407666,
      "fn": 168,
      "fp": 184,
      "precision": 0.6838487972508591,
      "recall": 0.7031802120141343,
      "tp": 398
    },
    "企业破产": {
      "f1": 0.6372549019607844,
      "fn": 39,
      "fp": 35,
      "precision": 0.65,
      "recall": 0.625,
      "tp": 65
    },
    "企业融资": {
      "f1": 0.7643142476697736,
      "fn": 79,
      "fp": 98,
      "precision": 0.7454545454545455,
      "recall": 0.7841530054644809,
      "tp": 287
    },
    "公司上市": {
      "f1": 0.574430823117338,
      "fn": 131,
      "fp": 112,
      "precision": 0.5942028985507246,
      "recall": 0.5559322033898305,
      "tp": 164
    },
    "股东减持": {
      "f1": 0.7152974504249292,
      "fn": 224,
      "fp": 178,
      "precision": 0.739385065885798,
      "recall": 0.6927297668038409,
      "tp": 505
    },
    "股东增持": {
      "f1": 0.7232704402515724,
      "fn": 82,
      "fp": 94,
      "precision": 0.7098765432098766,
      "recall": 0.7371794871794872,
      "tp": 230
    },
    "股份回购": {
      "f1": 0.8950480413895049,
      "fn": 157,
      "fp": 127,
      "precision": 0.9050822122571002,
      "recall": 0.8852339181286549,
      "tp": 1211
    },
    "被约谈": {
      "f1": 0.6435643564356436,
      "fn": 36,
      "fp": 36,
      "precision": 0.6435643564356436,
      "recall": 0.6435643564356436,
      "tp": 65
    },
    "解除质押": {
      "f1": 0.7198898830006882,
      "fn": 279,
      "fp": 128,
      "precision": 0.8033794162826421,
      "recall": 0.6521197007481296,
      "tp": 523
    },
    "质押": {
      "f1": 0.7416207042851082,
      "fn": 272,
      "fp": 337,
      "precision": 0.7217175887696119,
      "recall": 0.7626527050610821,
      "tp": 874
    },
    "高管变动": {
      "f1": 0.6321311475409835,
      "fn": 277,
      "fp": 284,
      "precision": 0.6292428198433421,
      "recall": 0.6350461133069829,
      "tp": 482
    }
  },
  "schema_path": "/data/TJK/DEE/SARGE/data/DuEE-Fin-dev500/schema.json",
  "subset_metrics": {
    "multi_event": {
      "f1": 0.7126760563380282,
      "fn": 1473,
      "fp": 975,
      "precision": 0.7569184741959611,
      "recall": 0.6733200266134398,
      "tp": 3036
    },
    "single_event": {
      "f1": 0.7941799689221641,
      "fn": 587,
      "fp": 870,
      "precision": 0.7636511817440913,
      "recall": 0.8272513243084167,
      "tp": 2811
    }
  }
}
